filename,class,x_min,y_min,x_max,y_max
_dS7zd0TzTziva8mRAFQ8g_0_1.jpg,1.000,0.30273,0.00000,0.35938,0.04492
0eaIeLGliUbnW3q0i7kPJw_0_0.jpg,1.000,0.52148,0.93750,0.58203,1.00000
__ORLrnsgTsguXCdCX-CeA_0_1.jpg,0.000,0.00000,0.00000,0.00000,0.00000
_3CThI4K1mwH05OB-tiWsw_1_1.jpg,0.000,0.00000,0.00000,0.00000,0.00000
zOepdTz8kaXEl6v3HsAaMQ_0_0.jpg,0.000,0.00000,0.00000,0.00000,0.00000
